Model,MAE,RMSE,R2 Score
Random Forest,15.588606666666669,18.1892832014715,0.9671359516597559
XGBoost,15.313630104064941,17.714678799535235,0.968828558921814
LightGBM,15.30888121141307,17.704420700501004,0.9688646800496118
Ensemble,15.31926538301847,17.722266011982335,0.9688018822306348
